-- phpMyAdmin SQL Dump
-- version 5.2.0
-- https://www.phpmyadmin.net/
--
-- Host: 127.0.0.1
-- Generation Time: Mar 15, 2025 at 03:04 PM
-- Server version: 10.4.27-MariaDB
-- PHP Version: 8.2.0

SET SQL_MODE = "NO_AUTO_VALUE_ON_ZERO";
START TRANSACTION;
SET time_zone = "+00:00";


/*!40101 SET @OLD_CHARACTER_SET_CLIENT=@@CHARACTER_SET_CLIENT */;
/*!40101 SET @OLD_CHARACTER_SET_RESULTS=@@CHARACTER_SET_RESULTS */;
/*!40101 SET @OLD_COLLATION_CONNECTION=@@COLLATION_CONNECTION */;
/*!40101 SET NAMES utf8mb4 */;

--
-- Database: `blog`
--

-- --------------------------------------------------------

--
-- Table structure for table `author`
--

CREATE TABLE `author` (
  `id` varchar(50) NOT NULL,
  `name` varchar(150) NOT NULL,
  `email` varchar(150) NOT NULL,
  `socialmedia_link` varchar(256) NOT NULL,
  `sample_writing_link` varchar(256) DEFAULT NULL,
  `interested_tech` varchar(150) NOT NULL,
  `comments` varchar(150) DEFAULT NULL,
  `created_at` timestamp NOT NULL DEFAULT current_timestamp(),
  `updated_at` timestamp NOT NULL DEFAULT current_timestamp()
) ENGINE=InnoDB DEFAULT CHARSET=utf8mb4 COLLATE=utf8mb4_general_ci;

--
-- Dumping data for table `author`
--

INSERT INTO `author` (`id`, `name`, `email`, `socialmedia_link`, `sample_writing_link`, `interested_tech`, `comments`, `created_at`, `updated_at`) VALUES
('049f22a1-33b7-4df4-a9ef-6a891f448cd4', 'Mofiqul', 'mofi0islam@gmail.com', 'synchlab.dev', '', 'test', 'test', '2019-09-22 04:54:17', '2019-09-22 04:54:17'),
('264cd264-1134-4987-ba5b-16f6028a12f0', 'Mofiqul', 'example@email.com', 'synchlab.dev', '', 'test', 'test', '2019-09-22 05:05:09', '2019-09-22 05:05:09'),
('96ea4966-5937-46f7-8fd0-7c173b260310', 'md irsad', 'irsad@gmail.com', 'https://techgi.in/', '', 'fashion', 'please i want to make a autho to post some this unique', '2025-03-10 11:41:34', '2025-03-10 11:41:34'),
('2fa58bf3-255e-4252-aa5f-2647adff6eb0', 'ter', 'sahil@gmail.com', 'https://techgi.in/', '', 'tech', 'wegfhn', '2025-03-15 08:29:40', '2025-03-15 08:29:40');

-- --------------------------------------------------------

--
-- Table structure for table `contact`
--

CREATE TABLE `contact` (
  `id` varchar(50) NOT NULL,
  `name` varchar(150) NOT NULL,
  `email` varchar(150) NOT NULL,
  `message` varchar(256) NOT NULL,
  `created_at` timestamp NOT NULL DEFAULT current_timestamp(),
  `updated_at` timestamp NOT NULL DEFAULT current_timestamp()
) ENGINE=InnoDB DEFAULT CHARSET=utf8mb4 COLLATE=utf8mb4_general_ci;

--
-- Dumping data for table `contact`
--

INSERT INTO `contact` (`id`, `name`, `email`, `message`, `created_at`, `updated_at`) VALUES
('b092b737-ff0b-481b-b5ca-aac4a5acff8c', 'Mofiqul', 'mofi0islam@gmail.com', 'test', '2019-09-22 05:19:09', '2019-09-22 05:19:09');

-- --------------------------------------------------------

--
-- Table structure for table `newsletter`
--

CREATE TABLE `newsletter` (
  `id` varchar(50) NOT NULL,
  `email` varchar(150) NOT NULL,
  `created_at` timestamp NOT NULL DEFAULT current_timestamp() ON UPDATE current_timestamp(),
  `updated_at` timestamp NOT NULL DEFAULT current_timestamp()
) ENGINE=InnoDB DEFAULT CHARSET=latin1 COLLATE=latin1_swedish_ci;

--
-- Dumping data for table `newsletter`
--

INSERT INTO `newsletter` (`id`, `email`, `created_at`, `updated_at`) VALUES
('ae4c54bf-a75f-487b-bb0a-c752ccf93fd5', 'mofi0islam@gmail.com', '2019-09-10 16:04:57', '2019-09-10 16:04:57');

-- --------------------------------------------------------

--
-- Table structure for table `password_reset_request`
--

CREATE TABLE `password_reset_request` (
  `id` varchar(50) NOT NULL,
  `user_id` varchar(50) NOT NULL,
  `token` varchar(256) NOT NULL,
  `iv` varchar(256) NOT NULL,
  `created_at` timestamp NOT NULL DEFAULT current_timestamp() ON UPDATE current_timestamp(),
  `updated_at` varchar(30) DEFAULT NULL
) ENGINE=InnoDB DEFAULT CHARSET=latin1 COLLATE=latin1_swedish_ci;

--
-- Dumping data for table `password_reset_request`
--

INSERT INTO `password_reset_request` (`id`, `user_id`, `token`, `iv`, `created_at`, `updated_at`) VALUES
('10eba671-6bd7-4936-bf0b-48778ad42b1d', '08e69b82-8175-462c-aa53-7ea5f2fe815c', '081fe836-c3d5-42aa-8428-3bdfd07b0cd4', 'b52c68c4c858995ace731a3c11b53546', '2019-09-10 16:04:57', '2019-08-04 11:53:40'),
('ac51ca78-955f-4a29-aa27-80cc794f321b', '08e69b82-8175-462c-aa53-7ea5f2fe815c', 'ae5ef4d1-781a-444c-8c3f-efc55bdfbd40', '08a1f16d6d7b18beb76e4d6cd60f1676', '2019-09-10 16:04:57', '2019-08-04 10:38:34'),
('c9019061-923c-40cd-951b-d9333c093165', '08e69b82-8175-462c-aa53-7ea5f2fe815c', 'ab291024-9d9a-4089-a1d3-4cf7c649a071', '3dc3a9aa5affc972c204718a25461e0a', '2019-09-10 16:04:57', '2019-08-04 11:41:58'),
('f3841aef-b39e-4814-a5f0-af93c452fcd2', '08e69b82-8175-462c-aa53-7ea5f2fe815c', 'fada7a15-32e2-4c17-acb9-b414e1374b89', 'b7a0dbe50b740f1e34e0abe58b7a85a8', '2019-09-10 16:04:57', '2019-08-04 10:34:41');

-- --------------------------------------------------------

--
-- Table structure for table `posts`
--

CREATE TABLE `posts` (
  `id` varchar(50) NOT NULL,
  `title` varchar(256) NOT NULL,
  `cover_img` varchar(256) DEFAULT NULL,
  `body` text NOT NULL,
  `subject` varchar(100) NOT NULL,
  `created_at` timestamp NULL DEFAULT current_timestamp(),
  `updated_at` timestamp NULL DEFAULT current_timestamp(),
  `deleted_at` varchar(50) DEFAULT NULL,
  `users_id` varchar(50) NOT NULL,
  `views` int(11) DEFAULT 0,
  `status` varchar(10) NOT NULL DEFAULT 'pending',
  `comments` int(11) DEFAULT 0,
  `meta_desc` text DEFAULT NULL,
  `read_time` varchar(30) DEFAULT NULL
) ENGINE=InnoDB DEFAULT CHARSET=latin1 COLLATE=latin1_swedish_ci;

--
-- Dumping data for table `posts`
--

INSERT INTO `posts` (`id`, `title`, `cover_img`, `body`, `subject`, `created_at`, `updated_at`, `deleted_at`, `users_id`, `views`, `status`, `comments`, `meta_desc`, `read_time`) VALUES
('0e457915-6e37-439f-9384-51260381fa03', '10 Easy Ways to Boost Your Mental Health', 'https://braintherapytms.com/wp-content/uploads/2021/09/Improving-Mental-Health-10-Tips.jpg', 'Break your content into sections with subheadings for easy readability.\r\nUse short paragraphs, bullet points, and images (if applicable) to keep it engaging.\r\nExamples of sections for a blog post on productivity:\r\nSet Up a Dedicated Workspace: Discuss the importance of having a space for work, free from distractions.\r\nCreate a Daily Routine: Share the value of having a structured schedule.\r\nUse Time Management Tools: Talk about productivity apps or methods like Pomodoro.', 'health', '2025-03-10 11:26:18', '2025-03-15 07:23:41', NULL, '08e69b82-8175-462c-aa53-7ea5f2fe815c', 2, 'approved', 0, 'A brief summary (150-160 characters) for search engines.\r\nExample:\r\n\"Discover 5 simple productivity tips to help you stay focused and organized while working from home.\"', '0 min read'),
('1568be6d-e0fe-4c65-9a9c-bd8d6f6cf4ac', 'Web Components How and WHY?', 'https://images.unsplash.com/photo-1508921340878-ba53e1f016ec?ixlib=rb-1.2.1&ixid=eyJhcHBfaWQiOjEyMDd9&auto=format&fit=crop&w=500&q=60', 'Lorem Ipsum is simply dummy text of the printing and typesetting industry. Lorem\r\n                Ipsum has been the industry\'s standard dummy text ever since the 1500s, when an unknown printer took a\r\n                galley of type and scrambled it to make a type specimen book. It has survived not only five centuries,\r\n                but also the leap into electronic typesetting, remaining essentially unchanged. It was popularised in\r\n                the 1960s with the release of Letraset sheets containing Lorem Ipsum passages, and more recently with\r\n                desktop publishing software like Aldus PageMaker including versions of Lorem Ipsum.\r\n            \r\nIt is a long established ```fact that a reader will ``` be distracted by the\r\n                readable content of a page when looking at its layout. The point of using Lorem Ipsum is that it has a\r\n                more-or-less normal distribution of letters, as opposed to using \'Content here, content here\', making it\r\n                look like readable English. Many desktop publishing packages and web page editors now use Lorem Ipsum as\r\n                their default model text, and a search for \'lorem ipsum\' will uncover many web sites still in their\r\n                infancy. Various versions have evolved over the years, sometimes by accident, sometimes on purpose\r\n                (injected humour and the like).\r\n\r\n\r\n```js\r\nconst pluckDeep = key => obj => key.split(\'.\').reduce((accum, key) => accum[key], obj)\r\n\r\n    const compose = (...fns) => res => fns.reduce((accum, next) => next(accum), res)\r\n\r\n    const unfold = (f, seed) => {\r\n    const go = (f, seed, acc) => {\r\n        const res = f(seed)\r\n        return res ? go(f, res[1], acc.concat([res[0]])) : acc\r\n    }\r\n    return go(f, seed, [])\r\n    }\r\n```\r\n\r\n### Where does it come from?\r\n\r\nContrary to popular belief, Lorem Ipsum is not simply random text. It has roots in a\r\n                piece of classical Latin literature from 45 BC, making it over 2000 years old. Richard McClintock, a\r\n                Latin professor at Hampden-Sydney College in Virginia, looked up one of the more obscure Latin words,\r\n                consectetur, from a Lorem Ipsum passage, and going through the cites of the word in classical\r\n                literature, discovered the undoubtable source. Lorem Ipsum comes from sections 1.10.32 and 1.10.33 of\r\n                \"de Finibus Bonorum et Malorum\" (The Extremes of Good and Evil) by Cicero, written in 45 BC. This book\r\n                is a treatise on the theory of ethics, very popular during the Renaissance. The first line of Lorem\r\n                Ipsum, \"Lorem ipsum dolor sit amet..\", comes from a line in section 1.10.32.\r\n                The standard chunk of Lorem Ipsum used since the 1500s is reproduced below for those interested.\r\n                Sections 1.10.32 and 1.10.33 from \"de Finibus Bonorum et Malorum\" by Cicero are also reproduced in their\r\n                exact original form, accompanied by English versions from the 1914 translation by H. Rackham.\r\n\r\n```php\r\n$container[\'settings\'] = [\r\n                    \'displayErrorDetails\' => true,\r\n\r\n                    \'logger\' => [\r\n                        \'name\' => \'slim-app\',\r\n                        \'level\' => Monolog\\Logger::DEBUG,\r\n                        \'path\' => __DIR__ . \'/../logs/app.log\',\r\n                    ],\r\n                ];\r\n\r\n                $container[\'renderer\'] = function(){\r\n                    $view = new Slim\\Views\\PhpRenderer(\"/public/templates\");\r\n                    $view->setLayout(\"layout.php\");\r\n                    return $view;\r\n                };\r\n\r\n                $container[\'db\'] = new Medoo\\Medoo($config[\'database\']);\r\n```\r\n\r\n![image](https://images.unsplash.com/photo-1517694712202-14dd9538aa97?ixlib=rb-1.2.1&ixid=eyJhcHBfaWQiOjEyMDd9&auto=format&fit=crop&w=1050&q=80 \"\")\r\n\r\n### Where can I get some?\r\n\r\nThere are many variations of passages of Lorem Ipsum available, but the majority\r\n                have suffered alteration in some form, by injected humour, or randomised words which don\'t look even\r\n                slightly believable. If you are going to use a passage of Lorem Ipsum, you need to be sure there isn\'t\r\n                anything embarrassing hidden in the middle of text. All the Lorem Ipsum generators on the Internet tend\r\n                to repeat predefined chunks as necessary, making this the first true generator on the Internet. It uses\r\n                a dictionary of over 200 Latin words, combined with a handful of model sentence structures, to generate\r\n                Lorem Ipsum which looks reasonable. The generated Lorem Ipsum is therefore always free from repetition,\r\n                injected humour, or non-characteristic words etc.\r\n\r\n```php\r\nrequire \'./vendor/autoload.php\';\r\n            require \'./config.php\';\r\n\r\n            $app = new Slim\\App($container);\r\n\r\n            $app->get(\'/\', function ($request, $response, $args) {\r\n                return $this->renderer->render($response, \"index.php\", [\"title\" => \"Token.io blog\"]);\r\n            });\r\n\r\n            $app->get(\'/post\', function ($request, $response, $args) {\r\n                return $this->renderer->render($response, \"post.php\", [\"name\" => \"Mofiqul\"]);\r\n            });\r\n\r\n\r\n            $app->get(\'/users\', require(\'./routes/users.php\'));\r\n\r\n            $app->run();\r\n```\r\n### Conclusion\r\n\r\nLorem ipsum dolor sit amet, consectetur adipiscing elit, sed do eiusmod tempor\r\n                incididunt ut labore et dolore magna aliqua. Ut enim ad minim veniam, quis nostrud exercitation ullamco\r\n                laboris nisi ut aliquip ex ea commodo consequat. Duis aute irure dolor in reprehenderit in voluptate\r\n                velit esse cillum dolore eu fugiat nulla pariatur. Excepteur sint occaecat cupidatat non proident, sunt\r\n                in culpa qui officia deserunt mollit anim id est laborum', 'javascript', '2019-09-10 16:04:57', '2019-09-10 16:04:57', NULL, '08e69b82-8175-462c-aa53-7ea5f2fe815c', 1018, 'pending', 10, NULL, NULL),
('2530e3dc-2518-44f3-b538-159023c9fe7a', 'Getting started with sklearn part II', 'https://images.unsplash.com/photo-1484417894907-623942c8ee29?ixlib=rb-1.2.1&ixid=eyJhcHBfaWQiOjEyMDd9&auto=format&fit=crop&w=500&q=60', 'Lorem Ipsum is simply dummy text of the printing and typesetting industry. Lorem\r\n                Ipsum has been the industry\'s standard dummy text ever since the 1500s, when an unknown printer took a\r\n                galley of type and scrambled it to make a type specimen book. It has survived not only five centuries,\r\n                but also the leap into electronic typesetting, remaining essentially unchanged. It was popularised in\r\n                the 1960s with the release of Letraset sheets containing Lorem Ipsum passages, and more recently with\r\n                desktop publishing software like Aldus PageMaker including versions of Lorem Ipsum.\r\n            \r\nIt is a long established ```fact that a reader will ``` be distracted by the\r\n                readable content of a page when looking at its layout. The point of using Lorem Ipsum is that it has a\r\n                more-or-less normal distribution of letters, as opposed to using \'Content here, content here\', making it\r\n                look like readable English. Many desktop publishing packages and web page editors now use Lorem Ipsum as\r\n                their default model text, and a search for \'lorem ipsum\' will uncover many web sites still in their\r\n                infancy. Various versions have evolved over the years, sometimes by accident, sometimes on purpose\r\n                (injected humour and the like).\r\n\r\n\r\n```js\r\nconst pluckDeep = key => obj => key.split(\'.\').reduce((accum, key) => accum[key], obj)\r\n\r\n    const compose = (...fns) => res => fns.reduce((accum, next) => next(accum), res)\r\n\r\n    const unfold = (f, seed) => {\r\n    const go = (f, seed, acc) => {\r\n        const res = f(seed)\r\n        return res ? go(f, res[1], acc.concat([res[0]])) : acc\r\n    }\r\n    return go(f, seed, [])\r\n    }\r\n```\r\n\r\n### Where does it come from?\r\n\r\nContrary to popular belief, Lorem Ipsum is not simply random text. It has roots in a\r\n                piece of classical Latin literature from 45 BC, making it over 2000 years old. Richard McClintock, a\r\n                Latin professor at Hampden-Sydney College in Virginia, looked up one of the more obscure Latin words,\r\n                consectetur, from a Lorem Ipsum passage, and going through the cites of the word in classical\r\n                literature, discovered the undoubtable source. Lorem Ipsum comes from sections 1.10.32 and 1.10.33 of\r\n                \"de Finibus Bonorum et Malorum\" (The Extremes of Good and Evil) by Cicero, written in 45 BC. This book\r\n                is a treatise on the theory of ethics, very popular during the Renaissance. The first line of Lorem\r\n                Ipsum, \"Lorem ipsum dolor sit amet..\", comes from a line in section 1.10.32.\r\n                The standard chunk of Lorem Ipsum used since the 1500s is reproduced below for those interested.\r\n                Sections 1.10.32 and 1.10.33 from \"de Finibus Bonorum et Malorum\" by Cicero are also reproduced in their\r\n                exact original form, accompanied by English versions from the 1914 translation by H. Rackham.\r\n\r\n```php\r\n$container[\'settings\'] = [\r\n                    \'displayErrorDetails\' => true,\r\n\r\n                    \'logger\' => [\r\n                        \'name\' => \'slim-app\',\r\n                        \'level\' => Monolog\\Logger::DEBUG,\r\n                        \'path\' => __DIR__ . \'/../logs/app.log\',\r\n                    ],\r\n                ];\r\n\r\n                $container[\'renderer\'] = function(){\r\n                    $view = new Slim\\Views\\PhpRenderer(\"/public/templates\");\r\n                    $view->setLayout(\"layout.php\");\r\n                    return $view;\r\n                };\r\n\r\n                $container[\'db\'] = new Medoo\\Medoo($config[\'database\']);\r\n```\r\n\r\n![image](https://images.unsplash.com/photo-1517694712202-14dd9538aa97?ixlib=rb-1.2.1&ixid=eyJhcHBfaWQiOjEyMDd9&auto=format&fit=crop&w=1050&q=80 \"\")\r\n\r\n### Where can I get some?\r\n\r\nThere are many variations of passages of Lorem Ipsum available, but the majority\r\n                have suffered alteration in some form, by injected humour, or randomised words which don\'t look even\r\n                slightly believable. If you are going to use a passage of Lorem Ipsum, you need to be sure there isn\'t\r\n                anything embarrassing hidden in the middle of text. All the Lorem Ipsum generators on the Internet tend\r\n                to repeat predefined chunks as necessary, making this the first true generator on the Internet. It uses\r\n                a dictionary of over 200 Latin words, combined with a handful of model sentence structures, to generate\r\n                Lorem Ipsum which looks reasonable. The generated Lorem Ipsum is therefore always free from repetition,\r\n                injected humour, or non-characteristic words etc.\r\n\r\n```php\r\nrequire \'./vendor/autoload.php\';\r\n            require \'./config.php\';\r\n\r\n            $app = new Slim\\App($container);\r\n\r\n            $app->get(\'/\', function ($request, $response, $args) {\r\n                return $this->renderer->render($response, \"index.php\", [\"title\" => \"Token.io blog\"]);\r\n            });\r\n\r\n            $app->get(\'/post\', function ($request, $response, $args) {\r\n                return $this->renderer->render($response, \"post.php\", [\"name\" => \"Mofiqul\"]);\r\n            });\r\n\r\n\r\n            $app->get(\'/users\', require(\'./routes/users.php\'));\r\n\r\n            $app->run();\r\n```\r\n### Conclusion\r\n\r\nLorem ipsum dolor sit amet, consectetur adipiscing elit, sed do eiusmod tempor\r\n                incididunt ut labore et dolore magna aliqua. Ut enim ad minim veniam, quis nostrud exercitation ullamco\r\n                laboris nisi ut aliquip ex ea commodo consequat. Duis aute irure dolor in reprehenderit in voluptate\r\n                velit esse cillum dolore eu fugiat nulla pariatur. Excepteur sint occaecat cupidatat non proident, sunt\r\n                in culpa qui officia deserunt mollit anim id est laborum', 'python', '2019-09-10 16:04:57', '2019-09-30 12:36:12', NULL, '08e69b82-8175-462c-aa53-7ea5f2fe815c', 56, 'approved', 0, NULL, NULL),
('2edd10d0-9cf4-4c81-bfc3-e016f0535829', 'testng for approval', 'https://encrypted-tbn0.gstatic.com/images?q=tbn:ANd9GcRI-2u6MORVsqjrBeYgjZWfqsE3yPrVBk4JKQ&s', 'test2 ', 'education', '2025-03-15 07:20:09', '2025-03-15 07:22:45', '2025-03-15 12:52:45', '2834d58d-bae0-49b8-9752-5430961c2896', 0, 'approved', 0, 'irsad approved testing', '0 min read'),
('3bc304e7-124c-4ab0-9612-2350e1b16e2f', 'Getting Stated with IOT', 'https://images.unsplash.com/photo-1558346490-a72e53ae2d4f?ixlib=rb-1.2.1&ixid=eyJhcHBfaWQiOjEyMDd9&auto=format&fit=crop&w=1050&q=80', 'Lorem Ipsum is simply dummy text of the printing and typesetting industry. Lorem\r\n                Ipsum has been the industry\'s standard dummy text ever since the 1500s, when an unknown printer took a\r\n                galley of type and scrambled it to make a type specimen book. It has survived not only five centuries,\r\n                but also the leap into electronic typesetting, remaining essentially unchanged. It was popularised in\r\n                the 1960s with the release of Letraset sheets containing Lorem Ipsum passages, and more recently with\r\n                desktop publishing software like Aldus PageMaker including versions of Lorem Ipsum.\r\n            \r\nIt is a long established ```fact that a reader will ``` be distracted by the\r\n                readable content of a page when looking at its layout. The point of using Lorem Ipsum is that it has a\r\n                more-or-less normal distribution of letters, as opposed to using \'Content here, content here\', making it\r\n                look like readable English. Many desktop publishing packages and web page editors now use Lorem Ipsum as\r\n                their default model text, and a search for \'lorem ipsum\' will uncover many web sites still in their\r\n                infancy. Various versions have evolved over the years, sometimes by accident, sometimes on purpose\r\n                (injected humour and the like).\r\n\r\n\r\n```js\r\nconst pluckDeep = key => obj => key.split(\'.\').reduce((accum, key) => accum[key], obj)\r\n\r\n    const compose = (...fns) => res => fns.reduce((accum, next) => next(accum), res)\r\n\r\n    const unfold = (f, seed) => {\r\n    const go = (f, seed, acc) => {\r\n        const res = f(seed)\r\n        return res ? go(f, res[1], acc.concat([res[0]])) : acc\r\n    }\r\n    return go(f, seed, [])\r\n    }\r\n```\r\n\r\n### Where does it come from?\r\n\r\nContrary to popular belief, Lorem Ipsum is not simply random text. It has roots in a\r\n                piece of classical Latin literature from 45 BC, making it over 2000 years old. Richard McClintock, a\r\n                Latin professor at Hampden-Sydney College in Virginia, looked up one of the more obscure Latin words,\r\n                consectetur, from a Lorem Ipsum passage, and going through the cites of the word in classical\r\n                literature, discovered the undoubtable source. Lorem Ipsum comes from sections 1.10.32 and 1.10.33 of\r\n                \"de Finibus Bonorum et Malorum\" (The Extremes of Good and Evil) by Cicero, written in 45 BC. This book\r\n                is a treatise on the theory of ethics, very popular during the Renaissance. The first line of Lorem\r\n                Ipsum, \"Lorem ipsum dolor sit amet..\", comes from a line in section 1.10.32.\r\n                The standard chunk of Lorem Ipsum used since the 1500s is reproduced below for those interested.\r\n                Sections 1.10.32 and 1.10.33 from \"de Finibus Bonorum et Malorum\" by Cicero are also reproduced in their\r\n                exact original form, accompanied by English versions from the 1914 translation by H. Rackham.\r\n\r\n```php\r\n$container[\'settings\'] = [\r\n                    \'displayErrorDetails\' => true,\r\n\r\n                    \'logger\' => [\r\n                        \'name\' => \'slim-app\',\r\n                        \'level\' => Monolog\\Logger::DEBUG,\r\n                        \'path\' => __DIR__ . \'/../logs/app.log\',\r\n                    ],\r\n                ];\r\n\r\n                $container[\'renderer\'] = function(){\r\n                    $view = new Slim\\Views\\PhpRenderer(\"/public/templates\");\r\n                    $view->setLayout(\"layout.php\");\r\n                    return $view;\r\n                };\r\n\r\n                $container[\'db\'] = new Medoo\\Medoo($config[\'database\']);\r\n```\r\n\r\n![image](https://images.unsplash.com/photo-1517694712202-14dd9538aa97?ixlib=rb-1.2.1&ixid=eyJhcHBfaWQiOjEyMDd9&auto=format&fit=crop&w=1050&q=80 \"\")\r\n\r\n### Where can I get some?\r\n\r\nThere are many variations of passages of Lorem Ipsum available, but the majority\r\n                have suffered alteration in some form, by injected humour, or randomised words which don\'t look even\r\n                slightly believable. If you are going to use a passage of Lorem Ipsum, you need to be sure there isn\'t\r\n                anything embarrassing hidden in the middle of text. All the Lorem Ipsum generators on the Internet tend\r\n                to repeat predefined chunks as necessary, making this the first true generator on the Internet. It uses\r\n                a dictionary of over 200 Latin words, combined with a handful of model sentence structures, to generate\r\n                Lorem Ipsum which looks reasonable. The generated Lorem Ipsum is therefore always free from repetition,\r\n                injected humour, or non-characteristic words etc.\r\n\r\n```php\r\nrequire \'./vendor/autoload.php\';\r\n            require \'./config.php\';\r\n\r\n            $app = new Slim\\App($container);\r\n\r\n            $app->get(\'/\', function ($request, $response, $args) {\r\n                return $this->renderer->render($response, \"index.php\", [\"title\" => \"Token.io blog\"]);\r\n            });\r\n\r\n            $app->get(\'/post\', function ($request, $response, $args) {\r\n                return $this->renderer->render($response, \"post.php\", [\"name\" => \"Mofiqul\"]);\r\n            });\r\n\r\n\r\n            $app->get(\'/users\', require(\'./routes/users.php\'));\r\n\r\n            $app->run();\r\n```\r\n### Conclusion\r\n\r\nLorem ipsum dolor sit amet, consectetur adipiscing elit, sed do eiusmod tempor\r\n                incididunt ut labore et dolore magna aliqua. Ut enim ad minim veniam, quis nostrud exercitation ullamco\r\n                laboris nisi ut aliquip ex ea commodo consequat. Duis aute irure dolor in reprehenderit in voluptate\r\n                velit esse cillum dolore eu fugiat nulla pariatur. Excepteur sint occaecat cupidatat non proident, sunt\r\n                in culpa qui officia deserunt mollit anim id est laborum', 'javascript', '2019-09-10 16:04:57', '2019-09-10 16:04:57', '2019-07-21 15:47:08', '8489e92f-d7e4-4e1d-8409-d99e4832a278', 1001, 'approved', 10, NULL, NULL),
('4890dc14-c276-4256-a542-71e413768fb3', 'testng risad', 'https://encrypted-tbn0.gstatic.com/images?q=tbn:ANd9GcRI-2u6MORVsqjrBeYgjZWfqsE3yPrVBk4JKQ&s', 'testing', 'blog', '2025-03-15 07:16:47', '2025-03-15 07:22:54', NULL, '2834d58d-bae0-49b8-9752-5430961c2896', 0, 'approved', 0, 'testing', '0 min read'),
('49d484dc-9984-4fb4-92d8-bc48594c8401', 'Fluent interface and method chaining in PHP and JavaScript', 'https://i.imgur.com/KD7ud57.jpg', 'Image by [InspiredImages](https://pixabay.com/users/InspiredImages-57296/?utm_source=link-attribution&utm_medium=referral&utm_campaign=image&utm_content=950148) from [Pixabay](https://pixabay.com/?utm_source=link-attribution&utm_medium=referral&utm_campaign=image&utm_content=950148)\r\n\r\nA Fluent Interface is an object oriented API that provides \"more readable\" code.\r\nA fluent interface allows you to chain method calls, which results in less typed characters when applying multiple operations on the same object.\r\n\r\n[read more about fluent interface](https://en.wikipedia.org/wiki/Fluent_interface)\r\n\r\nFluent interface let us write code like this:\r\n\r\n```php \r\n$programmer->born()->eat()->sleep()->code()->die();\r\n```\r\n\r\ninstead of\r\n\r\n```php\r\n$programmer->born();\r\n$programmer->eat();\r\n$programmer->sleep();\r\n$programmer->code();\r\n$programmer->die();\r\n```\r\n### Implementation:\r\nA fluent interface is normally implemented by using method chaining to implement method cascading (in languages that do not natively support cascading), concretely by having each method return this (self). Stated more abstractly, a fluent interface relays the instruction context of a subsequent call in method chaining, where generally the context is\r\n\r\ndefined through the return value of a called method\r\nself-referential, where the new context is equivalent to the last context\r\nterminated through the return of a void context.\r\n\r\n[from here](https://en.wikipedia.org/wiki/Fluent_interface)\r\n\r\n### A simple PHP example\r\n```php\r\nclass Person{\r\n  private $_name;\r\n  private $_sex;\r\n  private $_age;\r\n  private $_height;\r\n  private $_weight;\r\n\r\n  public function name($name){\r\n    $this->_name = $name;\r\n    return $this;\r\n  }\r\n\r\n  public function sex($sex){\r\n    $this->_sex = $sex;\r\n    return $this;\r\n  }\r\n\r\n  public function age($age){\r\n    $this->_age = $age;\r\n    return $this;\r\n  }\r\n\r\n  public function height($h){\r\n    $this->_height = $h;\r\n    return $this;\r\n  }\r\n\r\n  public function weight($w){\r\n    $this->_weight = $w;\r\n    return $this;\r\n  }\r\n  public function save(){\r\n    $properties = get_object_vars($this);\r\n    $str = \'\';\r\n    foreach($properties as $property){\r\n        $str .= $property.\' \';\r\n    }\r\n    return $str;\r\n  }\r\n}\r\n```\r\nNow we can call the methods on the object of Person like\r\n```php\r\n$p = new Person();\r\n$res = $p->name(\'Sonia\')->sex(\'Female\')->age(\'30\')->height(\'5.8\')->weight(\'51\')->save();\r\necho $res; # Sonia Female 30 5.8 51\r\nwe can call only few of them\r\n\r\n$res = $p->name(\'Sonia\')->sex(\'Female\')->age(\'30\')->save();\r\necho $res; # Sonia Female 30\r\nwe also can call chain methods in deffrent order\r\n\r\n$res = $p->name(\'Sonia\')->height(\'5.8\')->weight(\'51\')->sex(\'Female\')->age(\'30\')->save();\r\necho $res; # Sonia Female 30 5.8 51\r\n```\r\nSame in JavaScript\r\n```js\r\nvar Person = function() {\r\n  this._name = \'\';\r\n  this._sex = \'\';\r\n  this._age = \'\';\r\n  this._height = \'\';\r\n  this._weight = \'\';\r\n};\r\n\r\nPerson.prototype.name = function(name) {\r\n  this._name = name;\r\n  return this;\r\n};\r\n\r\nPerson.prototype.sex = function(sex) {\r\n  this._sex = sex;\r\n  return this;\r\n};\r\n\r\nPerson.prototype.age = function(age) {\r\n  this._age = age;\r\n  return this;\r\n};\r\n\r\nPerson.prototype.height = function(height) {\r\n  this._height = height;\r\n  return this;\r\n};\r\n\r\nPerson.prototype.weight = function(weight) {\r\n  this._weight = weight;\r\n  return this;\r\n};\r\n\r\n\r\nPerson.prototype.save = function() { \r\n  let str = \'\';\r\n  for(let property of Object.keys(this)){\r\n    str += this[property] + \' \';\r\n  } \r\n  console.log(str);\r\n};\r\n```\r\nUsing it\r\n```js\r\nnew Person().name(\'Sonia\').sex(\'Female\').age(\'30\').height(\'5.8\').weight(\'51\').save();\r\n// Sonia Female 30 5.8 51\r\n```\r\n\r\n\r\nImage by [InspiredImages](https://pixabay.com/users/InspiredImages-57296/?utm_source=link-attribution&utm_medium=referral&utm_campaign=image&utm_content=950148) from [Pixabay](https://pixabay.com/?utm_source=link-attribution&utm_medium=referral&utm_campaign=image&utm_content=950148)\r\n\r\nA Fluent Interface is an object oriented API that provides \"more readable\" code.\r\nA fluent interface allows you to chain method calls, which results in less typed characters when applying multiple operations on the same object.\r\n\r\n[read more about fluent interface](https://en.wikipedia.org/wiki/Fluent_interface)\r\n\r\nFluent interface let us write code like this:\r\n\r\n```php \r\n$programmer->born()->eat()->sleep()->code()->die();\r\n```\r\n\r\ninstead of\r\n\r\n```php\r\n$programmer->born();\r\n$programmer->eat();\r\n$programmer->sleep();\r\n$programmer->code();\r\n$programmer->die();\r\n```\r\n### Implementation:\r\nA fluent interface is normally implemented by using method chaining to implement method cascading (in languages that do not natively support cascading), concretely by having each method return this (self). Stated more abstractly, a fluent interface relays the instruction context of a subsequent call in method chaining, where generally the context is\r\n\r\ndefined through the return value of a called method\r\nself-referential, where the new context is equivalent to the last context\r\nterminated through the return of a void context.\r\n\r\n[from here](https://en.wikipedia.org/wiki/Fluent_interface)\r\n\r\n### A simple PHP example\r\n```php\r\nclass Person{\r\n  private $_name;\r\n  private $_sex;\r\n  private $_age;\r\n  private $_height;\r\n  private $_weight;\r\n\r\n  public function name($name){\r\n    $this->_name = $name;\r\n    return $this;\r\n  }\r\n\r\n  public function sex($sex){\r\n    $this->_sex = $sex;\r\n    return $this;\r\n  }\r\n\r\n  public function age($age){\r\n    $this->_age = $age;\r\n    return $this;\r\n  }\r\n\r\n  public function height($h){\r\n    $this->_height = $h;\r\n    return $this;\r\n  }\r\n\r\n  public function weight($w){\r\n    $this->_weight = $w;\r\n    return $this;\r\n  }\r\n  public function save(){\r\n    $properties = get_object_vars($this);\r\n    $str = \'\';\r\n    foreach($properties as $property){\r\n        $str .= $property.\' \';\r\n    }\r\n    return $str;\r\n  }\r\n}\r\n```\r\nNow we can call the methods on the object of Person like\r\n```php\r\n$p = new Person();\r\n$res = $p->name(\'Sonia\')->sex(\'Female\')->age(\'30\')->height(\'5.8\')->weight(\'51\')->save();\r\necho $res; # Sonia Female 30 5.8 51\r\nwe can call only few of them\r\n\r\n$res = $p->name(\'Sonia\')->sex(\'Female\')->age(\'30\')->save();\r\necho $res; # Sonia Female 30\r\nwe also can call chain methods in deffrent order\r\n\r\n$res = $p->name(\'Sonia\')->height(\'5.8\')->weight(\'51\')->sex(\'Female\')->age(\'30\')->save();\r\necho $res; # Sonia Female 30 5.8 51\r\n```\r\nSame in JavaScript\r\n```js\r\nvar Person = function() {\r\n  this._name = \'\';\r\n  this._sex = \'\';\r\n  this._age = \'\';\r\n  this._height = \'\';\r\n  this._weight = \'\';\r\n};\r\n\r\nPerson.prototype.name = function(name) {\r\n  this._name = name;\r\n  return this;\r\n};\r\n\r\nPerson.prototype.sex = function(sex) {\r\n  this._sex = sex;\r\n  return this;\r\n};\r\n\r\nPerson.prototype.age = function(age) {\r\n  this._age = age;\r\n  return this;\r\n};\r\n\r\nPerson.prototype.height = function(height) {\r\n  this._height = height;\r\n  return this;\r\n};\r\n\r\nPerson.prototype.weight = function(weight) {\r\n  this._weight = weight;\r\n  return this;\r\n};\r\n\r\n\r\nPerson.prototype.save = function() { \r\n  let str = \'\';\r\n  for(let property of Object.keys(this)){\r\n    str += this[property] + \' \';\r\n  } \r\n  console.log(str);\r\n};\r\n```\r\nUsing it\r\n```js\r\nnew Person().name(\'Sonia\').sex(\'Female\').age(\'30\').height(\'5.8\').weight(\'51\').save();\r\n// Sonia Female 30 5.8 51\r\n```', 'php', '2019-09-30 12:25:04', '2025-03-15 06:23:10', NULL, '08e69b82-8175-462c-aa53-7ea5f2fe815c', 26, 'approved', 0, 'A Fluent Interface is an object oriented API that provides \"more readable\" code.\r\nA fluent interface allows you to chain method calls, which results in less typed characters when applying multiple operations on the same object.', '5 min read'),
('52455647-e674-4d10-95b2-19aa04896e08', 'Laravel ORM Introduction', 'https://images.unsplash.com/photo-1484417894907-623942c8ee29?ixlib=rb-1.2.1&ixid=eyJhcHBfaWQiOjEyMDd9&auto=format&fit=crop&w=500&q=60', 'Lorem Ipsum is simply dummy text of the printing and typesetting industry. Lorem\r\n                Ipsum has been the industry\'s standard dummy text ever since the 1500s, when an unknown printer took a\r\n                galley of type and scrambled it to make a type specimen book. It has survived not only five centuries,\r\n                but also the leap into electronic typesetting, remaining essentially unchanged. It was popularised in\r\n                the 1960s with the release of Letraset sheets containing Lorem Ipsum passages, and more recently with\r\n                desktop publishing software like Aldus PageMaker including versions of Lorem Ipsum.\r\n            \r\nIt is a long established ```fact that a reader will ``` be distracted by the\r\n                readable content of a page when looking at its layout. The point of using Lorem Ipsum is that it has a\r\n                more-or-less normal distribution of letters, as opposed to using \'Content here, content here\', making it\r\n                look like readable English. Many desktop publishing packages and web page editors now use Lorem Ipsum as\r\n                their default model text, and a search for \'lorem ipsum\' will uncover many web sites still in their\r\n                infancy. Various versions have evolved over the years, sometimes by accident, sometimes on purpose\r\n                (injected humour and the like).\r\n\r\n\r\n```js\r\nconst pluckDeep = key => obj => key.split(\'.\').reduce((accum, key) => accum[key], obj)\r\n\r\n    const compose = (...fns) => res => fns.reduce((accum, next) => next(accum), res)\r\n\r\n    const unfold = (f, seed) => {\r\n    const go = (f, seed, acc) => {\r\n        const res = f(seed)\r\n        return res ? go(f, res[1], acc.concat([res[0]])) : acc\r\n    }\r\n    return go(f, seed, [])\r\n    }\r\n```\r\n\r\n### Where does it come from?\r\n\r\nContrary to popular belief, Lorem Ipsum is not simply random text. It has roots in a\r\n                piece of classical Latin literature from 45 BC, making it over 2000 years old. Richard McClintock, a\r\n                Latin professor at Hampden-Sydney College in Virginia, looked up one of the more obscure Latin words,\r\n                consectetur, from a Lorem Ipsum passage, and going through the cites of the word in classical\r\n                literature, discovered the undoubtable source. Lorem Ipsum comes from sections 1.10.32 and 1.10.33 of\r\n                \"de Finibus Bonorum et Malorum\" (The Extremes of Good and Evil) by Cicero, written in 45 BC. This book\r\n                is a treatise on the theory of ethics, very popular during the Renaissance. The first line of Lorem\r\n                Ipsum, \"Lorem ipsum dolor sit amet..\", comes from a line in section 1.10.32.\r\n                The standard chunk of Lorem Ipsum used since the 1500s is reproduced below for those interested.\r\n                Sections 1.10.32 and 1.10.33 from \"de Finibus Bonorum et Malorum\" by Cicero are also reproduced in their\r\n                exact original form, accompanied by English versions from the 1914 translation by H. Rackham.\r\n\r\n```php\r\n$container[\'settings\'] = [\r\n                    \'displayErrorDetails\' => true,\r\n\r\n                    \'logger\' => [\r\n                        \'name\' => \'slim-app\',\r\n                        \'level\' => Monolog\\Logger::DEBUG,\r\n                        \'path\' => __DIR__ . \'/../logs/app.log\',\r\n                    ],\r\n                ];\r\n\r\n                $container[\'renderer\'] = function(){\r\n                    $view = new Slim\\Views\\PhpRenderer(\"/public/templates\");\r\n                    $view->setLayout(\"layout.php\");\r\n                    return $view;\r\n                };\r\n\r\n                $container[\'db\'] = new Medoo\\Medoo($config[\'database\']);\r\n```\r\n\r\n![image](https://images.unsplash.com/photo-1517694712202-14dd9538aa97?ixlib=rb-1.2.1&ixid=eyJhcHBfaWQiOjEyMDd9&auto=format&fit=crop&w=1050&q=80 \"\")\r\n\r\n### Where can I get some?\r\n\r\nThere are many variations of passages of Lorem Ipsum available, but the majority\r\n                have suffered alteration in some form, by injected humour, or randomised words which don\'t look even\r\n                slightly believable. If you are going to use a passage of Lorem Ipsum, you need to be sure there isn\'t\r\n                anything embarrassing hidden in the middle of text. All the Lorem Ipsum generators on the Internet tend\r\n                to repeat predefined chunks as necessary, making this the first true generator on the Internet. It uses\r\n                a dictionary of over 200 Latin words, combined with a handful of model sentence structures, to generate\r\n                Lorem Ipsum which looks reasonable. The generated Lorem Ipsum is therefore always free from repetition,\r\n                injected humour, or non-characteristic words etc.\r\n\r\n```php\r\nrequire \'./vendor/autoload.php\';\r\n            require \'./config.php\';\r\n\r\n            $app = new Slim\\App($container);\r\n\r\n            $app->get(\'/\', function ($request, $response, $args) {\r\n                return $this->renderer->render($response, \"index.php\", [\"title\" => \"Token.io blog\"]);\r\n            });\r\n\r\n            $app->get(\'/post\', function ($request, $response, $args) {\r\n                return $this->renderer->render($response, \"post.php\", [\"name\" => \"Mofiqul\"]);\r\n            });\r\n\r\n\r\n            $app->get(\'/users\', require(\'./routes/users.php\'));\r\n\r\n            $app->run();\r\n```\r\n### Conclusion\r\n\r\nLorem ipsum dolor sit amet, consectetur adipiscing elit, sed do eiusmod tempor\r\n                incididunt ut labore et dolore magna aliqua. Ut enim ad minim veniam, quis nostrud exercitation ullamco\r\n                laboris nisi ut aliquip ex ea commodo consequat. Duis aute irure dolor in reprehenderit in voluptate\r\n                velit esse cillum dolore eu fugiat nulla pariatur. Excepteur sint occaecat cupidatat non proident, sunt\r\n                in culpa qui officia deserunt mollit anim id est laborum', 'javascript', '2019-09-10 16:04:57', '2025-03-15 07:23:50', NULL, '08e69b82-8175-462c-aa53-7ea5f2fe815c', 1026, 'approved', 10, NULL, NULL),
('926de0b9-9054-42c1-8cc7-372d834af937', 'Getting started with sklearn', 'https://images.unsplash.com/photo-1495055154266-57bbdeada43e?ixlib=rb-1.2.1&ixid=eyJhcHBfaWQiOjEyMDd9&auto=format&fit=crop&w=1050&q=80', 'Lorem Ipsum is simply dummy text of the printing and typesetting industry. Lorem\r\n                Ipsum has been the industry\'s standard dummy text ever since the 1500s, when an unknown printer took a\r\n                galley of type and scrambled it to make a type specimen book. It has survived not only five centuries,\r\n                but also the leap into electronic typesetting, remaining essentially unchanged. It was popularised in\r\n                the 1960s with the release of Letraset sheets containing Lorem Ipsum passages, and more recently with\r\n                desktop publishing software like Aldus PageMaker including versions of Lorem Ipsum.\r\n            \r\nIt is a long established ```fact that a reader will ``` be distracted by the\r\n                readable content of a page when looking at its layout. The point of using Lorem Ipsum is that it has a\r\n                more-or-less normal distribution of letters, as opposed to using \'Content here, content here\', making it\r\n                look like readable English. Many desktop publishing packages and web page editors now use Lorem Ipsum as\r\n                their default model text, and a search for \'lorem ipsum\' will uncover many web sites still in their\r\n                infancy. Various versions have evolved over the years, sometimes by accident, sometimes on purpose\r\n                (injected humour and the like).\r\n\r\n\r\n```js\r\nconst pluckDeep = key => obj => key.split(\'.\').reduce((accum, key) => accum[key], obj)\r\n\r\n    const compose = (...fns) => res => fns.reduce((accum, next) => next(accum), res)\r\n\r\n    const unfold = (f, seed) => {\r\n    const go = (f, seed, acc) => {\r\n        const res = f(seed)\r\n        return res ? go(f, res[1], acc.concat([res[0]])) : acc\r\n    }\r\n    return go(f, seed, [])\r\n    }\r\n```\r\n\r\n### Where does it come from?\r\n\r\nContrary to popular belief, Lorem Ipsum is not simply random text. It has roots in a\r\n                piece of classical Latin literature from 45 BC, making it over 2000 years old. Richard McClintock, a\r\n                Latin professor at Hampden-Sydney College in Virginia, looked up one of the more obscure Latin words,\r\n                consectetur, from a Lorem Ipsum passage, and going through the cites of the word in classical\r\n                literature, discovered the undoubtable source. Lorem Ipsum comes from sections 1.10.32 and 1.10.33 of\r\n                \"de Finibus Bonorum et Malorum\" (The Extremes of Good and Evil) by Cicero, written in 45 BC. This book\r\n                is a treatise on the theory of ethics, very popular during the Renaissance. The first line of Lorem\r\n                Ipsum, \"Lorem ipsum dolor sit amet..\", comes from a line in section 1.10.32.\r\n                The standard chunk of Lorem Ipsum used since the 1500s is reproduced below for those interested.\r\n                Sections 1.10.32 and 1.10.33 from \"de Finibus Bonorum et Malorum\" by Cicero are also reproduced in their\r\n                exact original form, accompanied by English versions from the 1914 translation by H. Rackham.\r\n\r\n```php\r\n$container[\'settings\'] = [\r\n                    \'displayErrorDetails\' => true,\r\n\r\n                    \'logger\' => [\r\n                        \'name\' => \'slim-app\',\r\n                        \'level\' => Monolog\\Logger::DEBUG,\r\n                        \'path\' => __DIR__ . \'/../logs/app.log\',\r\n                    ],\r\n                ];\r\n\r\n                $container[\'renderer\'] = function(){\r\n                    $view = new Slim\\Views\\PhpRenderer(\"/public/templates\");\r\n                    $view->setLayout(\"layout.php\");\r\n                    return $view;\r\n                };\r\n\r\n                $container[\'db\'] = new Medoo\\Medoo($config[\'database\']);\r\n```\r\n\r\n![image](https://images.unsplash.com/photo-1517694712202-14dd9538aa97?ixlib=rb-1.2.1&ixid=eyJhcHBfaWQiOjEyMDd9&auto=format&fit=crop&w=1050&q=80 \"\")\r\n\r\n### Where can I get some?\r\n\r\nThere are many variations of passages of Lorem Ipsum available, but the majority\r\n                have suffered alteration in some form, by injected humour, or randomised words which don\'t look even\r\n                slightly believable. If you are going to use a passage of Lorem Ipsum, you need to be sure there isn\'t\r\n                anything embarrassing hidden in the middle of text. All the Lorem Ipsum generators on the Internet tend\r\n                to repeat predefined chunks as necessary, making this the first true generator on the Internet. It uses\r\n                a dictionary of over 200 Latin words, combined with a handful of model sentence structures, to generate\r\n                Lorem Ipsum which looks reasonable. The generated Lorem Ipsum is therefore always free from repetition,\r\n                injected humour, or non-characteristic words etc.\r\n\r\n```php\r\nrequire \'./vendor/autoload.php\';\r\n            require \'./config.php\';\r\n\r\n            $app = new Slim\\App($container);\r\n\r\n            $app->get(\'/\', function ($request, $response, $args) {\r\n                return $this->renderer->render($response, \"index.php\", [\"title\" => \"Token.io blog\"]);\r\n            });\r\n\r\n            $app->get(\'/post\', function ($request, $response, $args) {\r\n                return $this->renderer->render($response, \"post.php\", [\"name\" => \"Mofiqul\"]);\r\n            });\r\n\r\n\r\n            $app->get(\'/users\', require(\'./routes/users.php\'));\r\n\r\n            $app->run();\r\n```\r\n### Conclusion\r\n\r\nLorem ipsum dolor sit amet, consectetur adipiscing elit, sed do eiusmod tempor\r\n                incididunt ut labore et dolore magna aliqua. Ut enim ad minim veniam, quis nostrud exercitation ullamco\r\n                laboris nisi ut aliquip ex ea commodo consequat. Duis aute irure dolor in reprehenderit in voluptate\r\n                velit esse cillum dolore eu fugiat nulla pariatur. Excepteur sint occaecat cupidatat non proident, sunt\r\n                in culpa qui officia deserunt mollit anim id est laborum', 'python', '2019-09-10 16:04:57', '2019-09-23 10:38:45', NULL, '08e69b82-8175-462c-aa53-7ea5f2fe815c', 14, 'approved', 0, NULL, NULL),
('967c8c2c-a8bf-4e45-9d97-e8b5c9afd0ab', 'The Future of Artificial Intelligence: Trends and Innovations in 2025', 'https://encrypted-tbn0.gstatic.com/images?q=tbn:ANd9GcRI-2u6MORVsqjrBeYgjZWfqsE3yPrVBk4JKQ&s', 'Artificial Intelligence (AI) is rapidly transforming the world, influencing everything from automation to decision-making. With continuous advancements in machine learning, deep learning, and natural language processing, AI is becoming more sophisticated and accessible. In 2025, we can expect groundbreaking innovations that will redefine industries, streamline operations, and enhance human productivity.\r\n\r\nThis article explores key AI trends, their impact on various sectors, and the challenges that lie ahead.', 'technology', '2025-03-15 07:10:14', '2025-03-15 07:24:39', NULL, '2834d58d-bae0-49b8-9752-5430961c2896', 0, 'approved', 0, 'Artificial Intelligence (AI) is evolving rapidly, transforming industries like healthcare, finance, and entertainment. In 2025, AI will continue to revolutionize automation, natural language processing, and personalized user experiences. This blog explores the latest AI trends, including generative AI, AI-driven cybersecurity, and ethical considerations in AI development. Stay ahead in the tech world by understanding how AI is shaping the future.', '0 min read'),
('9de61e54-0259-430b-b7e6-6e3d4aaad9cd', 'The Future of Artificial Intelligence: Trends and Innovations in 2025', 'https://encrypted-tbn0.gstatic.com/images?q=tbn:ANd9GcRI-2u6MORVsqjrBeYgjZWfqsE3yPrVBk4JKQ&s', '**Introduction**\r\nArtificial Intelligence (AI) is rapidly transforming the world, influencing everything from automation to decision-making. With continuous advancements in machine learning, deep learning, and natural language processing, AI is becoming more sophisticated and accessible. In 2025, we can expect groundbreaking innovations that will redefine industries, streamline operations, and enhance human productivity.\r\n\r\nThis article explores key AI trends, their impact on various sectors, and the challenges that lie ahead.', 'technology', '2025-03-15 06:41:02', '2025-03-15 07:12:24', '2025-03-15 12:42:24', '2834d58d-bae0-49b8-9752-5430961c2896', 0, 'pending', 0, 'Artificial Intelligence (AI) is evolving rapidly, transforming industries like healthcare, finance, and entertainment. In 2025, AI will continue to revolutionize automation, natural language processing, and personalized user experiences. This blog explores the latest AI trends, including generative AI, AI-driven cybersecurity, and ethical considerations in AI development. Stay ahead in the tech world by understanding how AI is shaping the future.', '0 min read');
INSERT INTO `posts` (`id`, `title`, `cover_img`, `body`, `subject`, `created_at`, `updated_at`, `deleted_at`, `users_id`, `views`, `status`, `comments`, `meta_desc`, `read_time`) VALUES
('b3e1a080-eed5-42c8-a036-0ec364adc4e6', 'Creating react app from scratch', 'https://images.unsplash.com/photo-1555371363-27a37f8e8c46?ixlib=rb-1.2.1&ixid=eyJhcHBfaWQiOjEyMDd9&auto=format&fit=crop&w=1050&q=80', 'Lorem Ipsum is simply dummy text of the printing and typesetting industry. Lorem\r\n                Ipsum has been the industry\'s standard dummy text ever since the 1500s, when an unknown printer took a\r\n                galley of type and scrambled it to make a type specimen book. It has survived not only five centuries,\r\n                but also the leap into electronic typesetting, remaining essentially unchanged. It was popularised in\r\n                the 1960s with the release of Letraset sheets containing Lorem Ipsum passages, and more recently with\r\n                desktop publishing software like Aldus PageMaker including versions of Lorem Ipsum.\r\n            \r\nIt is a long established ```fact that a reader will ``` be distracted by the\r\n                readable content of a page when looking at its layout. The point of using Lorem Ipsum is that it has a\r\n                more-or-less normal distribution of letters, as opposed to using \'Content here, content here\', making it\r\n                look like readable English. Many desktop publishing packages and web page editors now use Lorem Ipsum as\r\n                their default model text, and a search for \'lorem ipsum\' will uncover many web sites still in their\r\n                infancy. Various versions have evolved over the years, sometimes by accident, sometimes on purpose\r\n                (injected humour and the like).\r\n\r\n\r\n```js\r\nconst pluckDeep = key => obj => key.split(\'.\').reduce((accum, key) => accum[key], obj)\r\n\r\n    const compose = (...fns) => res => fns.reduce((accum, next) => next(accum), res)\r\n\r\n    const unfold = (f, seed) => {\r\n    const go = (f, seed, acc) => {\r\n        const res = f(seed)\r\n        return res ? go(f, res[1], acc.concat([res[0]])) : acc\r\n    }\r\n    return go(f, seed, [])\r\n    }\r\n```\r\n\r\n```bash\r\necho $USER\r\n```\r\n\r\n### Where does it come from?\r\n\r\nContrary to popular belief, Lorem Ipsum is not simply random text. It has roots in a\r\n                piece of classical Latin literature from 45 BC, making it over 2000 years old. Richard McClintock, a\r\n                Latin professor at Hampden-Sydney College in Virginia, looked up one of the more obscure Latin words,\r\n                consectetur, from a Lorem Ipsum passage, and going through the cites of the word in classical\r\n                literature, discovered the undoubtable source. Lorem Ipsum comes from sections 1.10.32 and 1.10.33 of\r\n                \"de Finibus Bonorum et Malorum\" (The Extremes of Good and Evil) by Cicero, written in 45 BC. This book\r\n                is a treatise on the theory of ethics, very popular during the Renaissance. The first line of Lorem\r\n                Ipsum, \"Lorem ipsum dolor sit amet..\", comes from a line in section 1.10.32.\r\n                The standard chunk of Lorem Ipsum used since the 1500s is reproduced below for those interested.\r\n                Sections 1.10.32 and 1.10.33 from \"de Finibus Bonorum et Malorum\" by Cicero are also reproduced in their\r\n                exact original form, accompanied by English versions from the 1914 translation by H. Rackham.\r\n\r\n```php\r\n$container[\'settings\'] = [\r\n                    \'displayErrorDetails\' => true,\r\n\r\n                    \'logger\' => [\r\n                        \'name\' => \'slim-app\',\r\n                        \'level\' => Monolog\\Logger::DEBUG,\r\n                        \'path\' => __DIR__ . \'/../logs/app.log\',\r\n                    ],\r\n                ];\r\n\r\n                $container[\'renderer\'] = function(){\r\n                    $view = new Slim\\Views\\PhpRenderer(\"/public/templates\");\r\n                    $view->setLayout(\"layout.php\");\r\n                    return $view;\r\n                };\r\n\r\n                $container[\'db\'] = new Medoo\\Medoo($config[\'database\']);\r\n```\r\n\r\n![image](https://images.unsplash.com/photo-1517694712202-14dd9538aa97?ixlib=rb-1.2.1&ixid=eyJhcHBfaWQiOjEyMDd9&auto=format&fit=crop&w=1050&q=80 \"\")\r\n\r\n### Where can I get some?\r\n\r\nThere are many variations of passages of Lorem Ipsum available, but the majority\r\n                have suffered alteration in some form, by injected humour, or randomised words which don\'t look even\r\n                slightly believable. If you are going to use a passage of Lorem Ipsum, you need to be sure there isn\'t\r\n                anything embarrassing hidden in the middle of text. All the Lorem Ipsum generators on the Internet tend\r\n                to repeat predefined chunks as necessary, making this the first true generator on the Internet. It uses\r\n                a dictionary of over 200 Latin words, combined with a handful of model sentence structures, to generate\r\n                Lorem Ipsum which looks reasonable. The generated Lorem Ipsum is therefore always free from repetition,\r\n                injected humour, or non-characteristic words etc.\r\n\r\n```php\r\nrequire \'./vendor/autoload.php\';\r\n            require \'./config.php\';\r\n\r\n            $app = new Slim\\App($container);\r\n\r\n            $app->get(\'/\', function ($request, $response, $args) {\r\n                return $this->renderer->render($response, \"index.php\", [\"title\" => \"Token.io blog\"]);\r\n            });\r\n\r\n            $app->get(\'/post\', function ($request, $response, $args) {\r\n                return $this->renderer->render($response, \"post.php\", [\"name\" => \"Mofiqul\"]);\r\n            });\r\n\r\n\r\n            $app->get(\'/users\', require(\'./routes/users.php\'));\r\n\r\n            $app->run();\r\n```\r\n### Conclusion\r\n\r\nLorem ipsum dolor sit amet, consectetur adipiscing elit, sed do eiusmod tempor\r\n                incididunt ut labore et dolore magna aliqua. Ut enim ad minim veniam, quis nostrud exercitation ullamco\r\n                laboris nisi ut aliquip ex ea commodo consequat. Duis aute irure dolor in reprehenderit in voluptate\r\n                velit esse cillum dolore eu fugiat nulla pariatur. Excepteur sint occaecat cupidatat non proident, sunt\r\n                in culpa qui officia deserunt mollit anim id est laborum', 'php', '2019-09-29 11:19:30', '2025-03-15 07:15:28', NULL, '08e69b82-8175-462c-aa53-7ea5f2fe815c', 8, 'blocked', 0, 'Lorem Ipsum is simply dummy text of the printing and typesetting industry. Lorem\r\n                Ipsum has been the industry\'s standard dummy text ever since the 1500s, when an unknown printer took a\r\n                galley of type and scrambled it to make a type specimen book. It has survived not only five centuries,\r\n                but also the leap into electronic typesetting, remaining essentially unchanged. It was popularised in\r\n                the 1960s with the release of Letraset sheets containing Lorem Ipsum passages, and more recently with\r\n                desktop publishing software like Aldus PageMaker including versions of Lorem Ipsum.', '4 min read'),
('c75473fa-edfa-49f5-99a9-8d6fe4d3e58a', 'Creating react app from scratch', 'https://images.unsplash.com/photo-1555371363-27a37f8e8c46?ixlib=rb-1.2.1&ixid=eyJhcHBfaWQiOjEyMDd9&auto=format&fit=crop&w=1050&q=80', 'Lorem Ipsum is simply dummy text of the printing and typesetting industry. Lorem\r\n                Ipsum has been the industry\'s standard dummy text ever since the 1500s, when an unknown printer took a\r\n                galley of type and scrambled it to make a type specimen book. It has survived not only five centuries,\r\n                but also the leap into electronic typesetting, remaining essentially unchanged. It was popularised in\r\n                the 1960s with the release of Letraset sheets containing Lorem Ipsum passages, and more recently with\r\n                desktop publishing software like Aldus PageMaker including versions of Lorem Ipsum.\r\n            \r\nIt is a long established ```fact that a reader will ``` be distracted by the\r\n                readable content of a page when looking at its layout. The point of using Lorem Ipsum is that it has a\r\n                more-or-less normal distribution of letters, as opposed to using \'Content here, content here\', making it\r\n                look like readable English. Many desktop publishing packages and web page editors now use Lorem Ipsum as\r\n                their default model text, and a search for \'lorem ipsum\' will uncover many web sites still in their\r\n                infancy. Various versions have evolved over the years, sometimes by accident, sometimes on purpose\r\n                (injected humour and the like).\r\n\r\n\r\n```js\r\nconst pluckDeep = key => obj => key.split(\'.\').reduce((accum, key) => accum[key], obj)\r\n\r\n    const compose = (...fns) => res => fns.reduce((accum, next) => next(accum), res)\r\n\r\n    const unfold = (f, seed) => {\r\n    const go = (f, seed, acc) => {\r\n        const res = f(seed)\r\n        return res ? go(f, res[1], acc.concat([res[0]])) : acc\r\n    }\r\n    return go(f, seed, [])\r\n    }\r\n```\r\n\r\n### Where does it come from?\r\n\r\nContrary to popular belief, Lorem Ipsum is not simply random text. It has roots in a\r\n                piece of classical Latin literature from 45 BC, making it over 2000 years old. Richard McClintock, a\r\n                Latin professor at Hampden-Sydney College in Virginia, looked up one of the more obscure Latin words,\r\n                consectetur, from a Lorem Ipsum passage, and going through the cites of the word in classical\r\n                literature, discovered the undoubtable source. Lorem Ipsum comes from sections 1.10.32 and 1.10.33 of\r\n                \"de Finibus Bonorum et Malorum\" (The Extremes of Good and Evil) by Cicero, written in 45 BC. This book\r\n                is a treatise on the theory of ethics, very popular during the Renaissance. The first line of Lorem\r\n                Ipsum, \"Lorem ipsum dolor sit amet..\", comes from a line in section 1.10.32.\r\n                The standard chunk of Lorem Ipsum used since the 1500s is reproduced below for those interested.\r\n                Sections 1.10.32 and 1.10.33 from \"de Finibus Bonorum et Malorum\" by Cicero are also reproduced in their\r\n                exact original form, accompanied by English versions from the 1914 translation by H. Rackham.\r\n\r\n```php\r\n$container[\'settings\'] = [\r\n                    \'displayErrorDetails\' => true,\r\n\r\n                    \'logger\' => [\r\n                        \'name\' => \'slim-app\',\r\n                        \'level\' => Monolog\\Logger::DEBUG,\r\n                        \'path\' => __DIR__ . \'/../logs/app.log\',\r\n                    ],\r\n                ];\r\n\r\n                $container[\'renderer\'] = function(){\r\n                    $view = new Slim\\Views\\PhpRenderer(\"/public/templates\");\r\n                    $view->setLayout(\"layout.php\");\r\n                    return $view;\r\n                };\r\n\r\n                $container[\'db\'] = new Medoo\\Medoo($config[\'database\']);\r\n```\r\n\r\n![image](https://images.unsplash.com/photo-1517694712202-14dd9538aa97?ixlib=rb-1.2.1&ixid=eyJhcHBfaWQiOjEyMDd9&auto=format&fit=crop&w=1050&q=80 \"\")\r\n\r\n### Where can I get some?\r\n\r\nThere are many variations of passages of Lorem Ipsum available, but the majority\r\n                have suffered alteration in some form, by injected humour, or randomised words which don\'t look even\r\n                slightly believable. If you are going to use a passage of Lorem Ipsum, you need to be sure there isn\'t\r\n                anything embarrassing hidden in the middle of text. All the Lorem Ipsum generators on the Internet tend\r\n                to repeat predefined chunks as necessary, making this the first true generator on the Internet. It uses\r\n                a dictionary of over 200 Latin words, combined with a handful of model sentence structures, to generate\r\n                Lorem Ipsum which looks reasonable. The generated Lorem Ipsum is therefore always free from repetition,\r\n                injected humour, or non-characteristic words etc.\r\n\r\n```php\r\nrequire \'./vendor/autoload.php\';\r\n            require \'./config.php\';\r\n\r\n            $app = new Slim\\App($container);\r\n\r\n            $app->get(\'/\', function ($request, $response, $args) {\r\n                return $this->renderer->render($response, \"index.php\", [\"title\" => \"Token.io blog\"]);\r\n            });\r\n\r\n            $app->get(\'/post\', function ($request, $response, $args) {\r\n                return $this->renderer->render($response, \"post.php\", [\"name\" => \"Mofiqul\"]);\r\n            });\r\n\r\n\r\n            $app->get(\'/users\', require(\'./routes/users.php\'));\r\n\r\n            $app->run();\r\n```\r\n### Conclusion\r\n\r\nLorem ipsum dolor sit amet, consectetur adipiscing elit, sed do eiusmod tempor\r\n                incididunt ut labore et dolore magna aliqua. Ut enim ad minim veniam, quis nostrud exercitation ullamco\r\n                laboris nisi ut aliquip ex ea commodo consequat. Duis aute irure dolor in reprehenderit in voluptate\r\n                velit esse cillum dolore eu fugiat nulla pariatur. Excepteur sint occaecat cupidatat non proident, sunt\r\n                in culpa qui officia deserunt mollit anim id est laborum', 'php', '2019-09-10 16:04:57', '2025-03-10 11:51:11', NULL, '08e69b82-8175-462c-aa53-7ea5f2fe815c', 1034, 'approved', 10, 'Lorem Ipsum is simply dummy text of the printing and typesetting industry. Lorem\r\n                Ipsum has been the industry\'s standard dummy text ever since the 1500s, when an unknown printer took a\r\n                galley of type and scrambled it to make a type specimen book. It has survived not only five centuries,\r\n                but also the leap into electronic typesetting, remaining essentially unchanged. It was popularised in\r\n                the 1960s with the release of Letraset sheets containing Lorem Ipsum passages, and more recently with\r\n                desktop publishing software like Aldus PageMaker including versions of Lorem Ipsum.', '4 min read'),
('e27f0537-a1b2-4779-b963-369b79bd82c1', 'Fluent interface and method chaining in PHP and JavaScript', 'https://i.imgur.com/KD7ud57.jpg', 'Image by [InspiredImages](https://pixabay.com/users/InspiredImages-57296/?utm_source=link-attribution&amp;utm_medium=referral&amp;utm_campaign=image&amp;utm_content=950148) from [Pixabay](https://pixabay.com/?utm_source=link-attribution&amp;utm_medium=referral&amp;utm_campaign=image&amp;utm_content=950148)\r\n\r\nA Fluent Interface is an object oriented API that provides \"more readable\" code.\r\nA fluent interface allows you to chain method calls, which results in less typed characters when applying multiple operations on the same object.\r\n\r\n[read more about fluent interface](https://en.wikipedia.org/wiki/Fluent_interface)\r\n\r\nFluent interface let us write code like this:\r\n\r\n```php \r\n$programmer->born()->eat()->sleep()->code()->die();\r\n```\r\n\r\ninstead of\r\n\r\n```php\r\n$programmer->born();\r\n$programmer->eat();\r\n$programmer->sleep();\r\n$programmer->code();\r\n$programmer->die();\r\n```\r\n### Implementation:\r\nA fluent interface is normally implemented by using method chaining to implement method cascading (in languages that do not natively support cascading), concretely by having each method return this (self). Stated more abstractly, a fluent interface relays the instruction context of a subsequent call in method chaining, where generally the context is\r\n\r\ndefined through the return value of a called method\r\nself-referential, where the new context is equivalent to the last context\r\nterminated through the return of a void context.\r\n\r\n[from here](https://en.wikipedia.org/wiki/Fluent_interface)\r\n\r\n### A simple PHP example\r\n```php\r\nclass Person{\r\n  private $_name;\r\n  private $_sex;\r\n  private $_age;\r\n  private $_height;\r\n  private $_weight;\r\n\r\n  public function name($name){\r\n    $this->_name = $name;\r\n    return $this;\r\n  }\r\n\r\n  public function sex($sex){\r\n    $this->_sex = $sex;\r\n    return $this;\r\n  }\r\n\r\n  public function age($age){\r\n    $this->_age = $age;\r\n    return $this;\r\n  }\r\n\r\n  public function height($h){\r\n    $this->_height = $h;\r\n    return $this;\r\n  }\r\n\r\n  public function weight($w){\r\n    $this->_weight = $w;\r\n    return $this;\r\n  }\r\n  public function save(){\r\n    $properties = get_object_vars($this);\r\n    $str = \'\';\r\n    foreach($properties as $property){\r\n        $str .= $property.\' \';\r\n    }\r\n    return $str;\r\n  }\r\n}\r\n```\r\nNow we can call the methods on the object of Person like\r\n```php\r\n$p = new Person();\r\n$res = $p->name(\'Sonia\')->sex(\'Female\')->age(\'30\')->height(\'5.8\')->weight(\'51\')->save();\r\necho $res; # Sonia Female 30 5.8 51\r\nwe can call only few of them\r\n\r\n$res = $p->name(\'Sonia\')->sex(\'Female\')->age(\'30\')->save();\r\necho $res; # Sonia Female 30\r\nwe also can call chain methods in deffrent order\r\n\r\n$res = $p->name(\'Sonia\')->height(\'5.8\')->weight(\'51\')->sex(\'Female\')->age(\'30\')->save();\r\necho $res; # Sonia Female 30 5.8 51\r\n```\r\nSame in JavaScript\r\n```js\r\nvar Person = function() {\r\n  this._name = \'\';\r\n  this._sex = \'\';\r\n  this._age = \'\';\r\n  this._height = \'\';\r\n  this._weight = \'\';\r\n};\r\n\r\nPerson.prototype.name = function(name) {\r\n  this._name = name;\r\n  return this;\r\n};\r\n\r\nPerson.prototype.sex = function(sex) {\r\n  this._sex = sex;\r\n  return this;\r\n};\r\n\r\nPerson.prototype.age = function(age) {\r\n  this._age = age;\r\n  return this;\r\n};\r\n\r\nPerson.prototype.height = function(height) {\r\n  this._height = height;\r\n  return this;\r\n};\r\n\r\nPerson.prototype.weight = function(weight) {\r\n  this._weight = weight;\r\n  return this;\r\n};\r\n\r\n\r\nPerson.prototype.save = function() { \r\n  let str = \'\';\r\n  for(let property of Object.keys(this)){\r\n    str += this[property] + \' \';\r\n  } \r\n  console.log(str);\r\n};\r\n```\r\nUsing it\r\n```js\r\nnew Person().name(\'Sonia\').sex(\'Female\').age(\'30\').height(\'5.8\').weight(\'51\').save();\r\n// Sonia Female 30 5.8 51\r\n```', 'php', '2019-09-30 12:22:50', '2019-09-30 12:24:23', '2019-09-30 17:54:23', '08e69b82-8175-462c-aa53-7ea5f2fe815c', 0, 'pending', 0, 'A Fluent Interface is an object oriented API that provides \"more readable\" code.\r\nA fluent interface allows you to chain method calls, which results in less typed characters when applying multiple operations on the same object.', NULL),
('edf75e57-1383-4153-b750-a97bfcf613a9', 'Fluent interface and method chaining in PHP and JavaScript', 'https://i.imgur.com/KD7ud57.jpg', 'Image by [InspiredImages](https://pixabay.com/users/InspiredImages-57296/?utm_source=link-attribution&amp;utm_medium=referral&amp;utm_campaign=image&amp;utm_content=950148) from [Pixabay](https://pixabay.com/?utm_source=link-attribution&amp;utm_medium=referral&amp;utm_campaign=image&amp;utm_content=950148)\r\n\r\nA Fluent Interface is an object oriented API that provides \"more readable\" code.\r\nA fluent interface allows you to chain method calls, which results in less typed characters when applying multiple operations on the same object.\r\n\r\n[read more about fluent interface](https://en.wikipedia.org/wiki/Fluent_interface)\r\n\r\nFluent interface let us write code like this:\r\n\r\n```php \r\n$programmer->born()->eat()->sleep()->code()->die();\r\n```\r\n\r\ninstead of\r\n\r\n```php\r\n$programmer->born();\r\n$programmer->eat();\r\n$programmer->sleep();\r\n$programmer->code();\r\n$programmer->die();\r\n```\r\n### Implementation:\r\nA fluent interface is normally implemented by using method chaining to implement method cascading (in languages that do not natively support cascading), concretely by having each method return this (self). Stated more abstractly, a fluent interface relays the instruction context of a subsequent call in method chaining, where generally the context is\r\n\r\ndefined through the return value of a called method\r\nself-referential, where the new context is equivalent to the last context\r\nterminated through the return of a void context.\r\n\r\n[from here](https://en.wikipedia.org/wiki/Fluent_interface)\r\n\r\n### A simple PHP example\r\n```php\r\nclass Person{\r\n  private $_name;\r\n  private $_sex;\r\n  private $_age;\r\n  private $_height;\r\n  private $_weight;\r\n\r\n  public function name($name){\r\n    $this->_name = $name;\r\n    return $this;\r\n  }\r\n\r\n  public function sex($sex){\r\n    $this->_sex = $sex;\r\n    return $this;\r\n  }\r\n\r\n  public function age($age){\r\n    $this->_age = $age;\r\n    return $this;\r\n  }\r\n\r\n  public function height($h){\r\n    $this->_height = $h;\r\n    return $this;\r\n  }\r\n\r\n  public function weight($w){\r\n    $this->_weight = $w;\r\n    return $this;\r\n  }\r\n  public function save(){\r\n    $properties = get_object_vars($this);\r\n    $str = \'\';\r\n    foreach($properties as $property){\r\n        $str .= $property.\' \';\r\n    }\r\n    return $str;\r\n  }\r\n}\r\n```\r\nNow we can call the methods on the object of Person like\r\n```php\r\n$p = new Person();\r\n$res = $p->name(\'Sonia\')->sex(\'Female\')->age(\'30\')->height(\'5.8\')->weight(\'51\')->save();\r\necho $res; # Sonia Female 30 5.8 51\r\nwe can call only few of them\r\n\r\n$res = $p->name(\'Sonia\')->sex(\'Female\')->age(\'30\')->save();\r\necho $res; # Sonia Female 30\r\nwe also can call chain methods in deffrent order\r\n\r\n$res = $p->name(\'Sonia\')->height(\'5.8\')->weight(\'51\')->sex(\'Female\')->age(\'30\')->save();\r\necho $res; # Sonia Female 30 5.8 51\r\n```\r\nSame in JavaScript\r\n```js\r\nvar Person = function() {\r\n  this._name = \'\';\r\n  this._sex = \'\';\r\n  this._age = \'\';\r\n  this._height = \'\';\r\n  this._weight = \'\';\r\n};\r\n\r\nPerson.prototype.name = function(name) {\r\n  this._name = name;\r\n  return this;\r\n};\r\n\r\nPerson.prototype.sex = function(sex) {\r\n  this._sex = sex;\r\n  return this;\r\n};\r\n\r\nPerson.prototype.age = function(age) {\r\n  this._age = age;\r\n  return this;\r\n};\r\n\r\nPerson.prototype.height = function(height) {\r\n  this._height = height;\r\n  return this;\r\n};\r\n\r\nPerson.prototype.weight = function(weight) {\r\n  this._weight = weight;\r\n  return this;\r\n};\r\n\r\n\r\nPerson.prototype.save = function() { \r\n  let str = \'\';\r\n  for(let property of Object.keys(this)){\r\n    str += this[property] + \' \';\r\n  } \r\n  console.log(str);\r\n};\r\n```\r\nUsing it\r\n```js\r\nnew Person().name(\'Sonia\').sex(\'Female\').age(\'30\').height(\'5.8\').weight(\'51\').save();\r\n// Sonia Female 30 5.8 51\r\n```', 'php', '2019-09-30 12:27:33', '2025-03-15 07:13:10', '2025-03-15 12:43:10', '08e69b82-8175-462c-aa53-7ea5f2fe815c', 0, 'pending', 0, 'A Fluent Interface is an object oriented API that provides \"more readable\" code.\r\nA fluent interface allows you to chain method calls, which results in less typed characters when applying multiple operations on the same object.', '2 min read'),
('ee3786fd-ccf6-4b4e-bc1f-5f96efdfe202', 'Slim PHP Dynamic router', 'https://images.unsplash.com/photo-1541462608143-67571c6738dd?ixlib=rb-1.2.1&auto=format&fit=crop&w=1050&q=80', 'Lorem Ipsum is simply dummy text of the printing and typesetting industry. Lorem\r\n                Ipsum has been the industry\'s standard dummy text ever since the 1500s, when an unknown printer took a\r\n                galley of type and scrambled it to make a type specimen book. It has survived not only five centuries,\r\n                but also the leap into electronic typesetting, remaining essentially unchanged. It was popularised in\r\n                the 1960s with the release of Letraset sheets containing Lorem Ipsum passages, and more recently with\r\n                desktop publishing software like Aldus PageMaker including versions of Lorem Ipsum.\r\n            \r\nIt is a long established ```fact that a reader will ``` be distracted by the\r\n                readable content of a page when looking at its layout. The point of using Lorem Ipsum is that it has a\r\n                more-or-less normal distribution of letters, as opposed to using \'Content here, content here\', making it\r\n                look like readable English. Many desktop publishing packages and web page editors now use Lorem Ipsum as\r\n                their default model text, and a search for \'lorem ipsum\' will uncover many web sites still in their\r\n                infancy. Various versions have evolved over the years, sometimes by accident, sometimes on purpose\r\n                (injected humour and the like).\r\n\r\n\r\n```js\r\nconst pluckDeep = key => obj => key.split(\'.\').reduce((accum, key) => accum[key], obj)\r\n\r\n    const compose = (...fns) => res => fns.reduce((accum, next) => next(accum), res)\r\n\r\n    const unfold = (f, seed) => {\r\n    const go = (f, seed, acc) => {\r\n        const res = f(seed)\r\n        return res ? go(f, res[1], acc.concat([res[0]])) : acc\r\n    }\r\n    return go(f, seed, [])\r\n    }\r\n```\r\n\r\n### Where does it come from?\r\n\r\nContrary to popular belief, Lorem Ipsum is not simply random text. It has roots in a\r\n                piece of classical Latin literature from 45 BC, making it over 2000 years old. Richard McClintock, a\r\n                Latin professor at Hampden-Sydney College in Virginia, looked up one of the more obscure Latin words,\r\n                consectetur, from a Lorem Ipsum passage, and going through the cites of the word in classical\r\n                literature, discovered the undoubtable source. Lorem Ipsum comes from sections 1.10.32 and 1.10.33 of\r\n                \"de Finibus Bonorum et Malorum\" (The Extremes of Good and Evil) by Cicero, written in 45 BC. This book\r\n                is a treatise on the theory of ethics, very popular during the Renaissance. The first line of Lorem\r\n                Ipsum, \"Lorem ipsum dolor sit amet..\", comes from a line in section 1.10.32.\r\n                The standard chunk of Lorem Ipsum used since the 1500s is reproduced below for those interested.\r\n                Sections 1.10.32 and 1.10.33 from \"de Finibus Bonorum et Malorum\" by Cicero are also reproduced in their\r\n                exact original form, accompanied by English versions from the 1914 translation by H. Rackham.\r\n\r\n```php\r\n$container[\'settings\'] = [\r\n                    \'displayErrorDetails\' => true,\r\n\r\n                    \'logger\' => [\r\n                        \'name\' => \'slim-app\',\r\n                        \'level\' => Monolog\\Logger::DEBUG,\r\n                        \'path\' => __DIR__ . \'/../logs/app.log\',\r\n                    ],\r\n                ];\r\n\r\n                $container[\'renderer\'] = function(){\r\n                    $view = new Slim\\Views\\PhpRenderer(\"/public/templates\");\r\n                    $view->setLayout(\"layout.php\");\r\n                    return $view;\r\n                };\r\n\r\n                $container[\'db\'] = new Medoo\\Medoo($config[\'database\']);\r\n```\r\n\r\n![image](https://images.unsplash.com/photo-1517694712202-14dd9538aa97?ixlib=rb-1.2.1&ixid=eyJhcHBfaWQiOjEyMDd9&auto=format&fit=crop&w=1050&q=80 \"\")\r\n\r\n### Where can I get some?\r\n\r\nThere are many variations of passages of Lorem Ipsum available, but the majority\r\n                have suffered alteration in some form, by injected humour, or randomised words which don\'t look even\r\n                slightly believable. If you are going to use a passage of Lorem Ipsum, you need to be sure there isn\'t\r\n                anything embarrassing hidden in the middle of text. All the Lorem Ipsum generators on the Internet tend\r\n                to repeat predefined chunks as necessary, making this the first true generator on the Internet. It uses\r\n                a dictionary of over 200 Latin words, combined with a handful of model sentence structures, to generate\r\n                Lorem Ipsum which looks reasonable. The generated Lorem Ipsum is therefore always free from repetition,\r\n                injected humour, or non-characteristic words etc.\r\n\r\n```php\r\nrequire \'./vendor/autoload.php\';\r\n            require \'./config.php\';\r\n\r\n            $app = new Slim\\App($container);\r\n\r\n            $app->get(\'/\', function ($request, $response, $args) {\r\n                return $this->renderer->render($response, \"index.php\", [\"title\" => \"Token.io blog\"]);\r\n            });\r\n\r\n            $app->get(\'/post\', function ($request, $response, $args) {\r\n                return $this->renderer->render($response, \"post.php\", [\"name\" => \"Mofiqul\"]);\r\n            });\r\n\r\n\r\n            $app->get(\'/users\', require(\'./routes/users.php\'));\r\n\r\n            $app->run();\r\n```\r\n### Conclusion\r\n\r\nLorem ipsum dolor sit amet, consectetur adipiscing elit, sed do eiusmod tempor\r\n                incididunt ut labore et dolore magna aliqua. Ut enim ad minim veniam, quis nostrud exercitation ullamco\r\n                laboris nisi ut aliquip ex ea commodo consequat. Duis aute irure dolor in reprehenderit in voluptate\r\n                velit esse cillum dolore eu fugiat nulla pariatur. Excepteur sint occaecat cupidatat non proident, sunt\r\n                in culpa qui officia deserunt mollit anim id est laborum', 'php', '2019-09-10 16:04:57', '2025-03-15 07:13:18', NULL, '08e69b82-8175-462c-aa53-7ea5f2fe815c', 1000, 'approved', 10, NULL, NULL);

-- --------------------------------------------------------

--
-- Table structure for table `post_tag`
--

CREATE TABLE `post_tag` (
  `id` int(11) NOT NULL,
  `post_id` varchar(150) NOT NULL,
  `tag_id` int(11) NOT NULL
) ENGINE=InnoDB DEFAULT CHARSET=latin1 COLLATE=latin1_swedish_ci;

--
-- Dumping data for table `post_tag`
--

INSERT INTO `post_tag` (`id`, `post_id`, `tag_id`) VALUES
(1, 'c75473fa-edfa-49f5-99a9-8d6fe4d3e58a', 1),
(2, 'c75473fa-edfa-49f5-99a9-8d6fe4d3e58a', 2),
(3, '1568be6d-e0fe-4c65-9a9c-bd8d6f6cf4ac', 3),
(4, '3bc304e7-124c-4ab0-9612-2350e1b16e2f', 1),
(5, '52455647-e674-4d10-95b2-19aa04896e08', 5),
(6, 'c75473fa-edfa-49f5-99a9-8d6fe4d3e58a', 1),
(8, 'c75473fa-edfa-49f5-99a9-8d6fe4d3e58a', 2),
(9, '52455647-e674-4d10-95b2-19aa04896e08', 1),
(10, '52455647-e674-4d10-95b2-19aa04896e08', 2),
(11, 'c75473fa-edfa-49f5-99a9-8d6fe4d3e58a', 3),
(12, 'e27f0537-a1b2-4779-b963-369b79bd82c1', 2),
(13, '49d484dc-9984-4fb4-92d8-bc48594c8401', 2),
(14, 'edf75e57-1383-4153-b750-a97bfcf613a9', 2),
(15, '0e457915-6e37-439f-9384-51260381fa03', 9),
(16, '0e457915-6e37-439f-9384-51260381fa03', 14),
(17, '0e457915-6e37-439f-9384-51260381fa03', 21),
(18, 'e4e5e602-7197-4966-b0bc-d665db080a87', 20),
(19, 'e4e5e602-7197-4966-b0bc-d665db080a87', 34),
(20, '9de61e54-0259-430b-b7e6-6e3d4aaad9cd', 13),
(21, '9de61e54-0259-430b-b7e6-6e3d4aaad9cd', 36),
(22, '967c8c2c-a8bf-4e45-9d97-e8b5c9afd0ab', 13),
(23, '967c8c2c-a8bf-4e45-9d97-e8b5c9afd0ab', 36),
(24, '4890dc14-c276-4256-a542-71e413768fb3', 13),
(25, '2edd10d0-9cf4-4c81-bfc3-e016f0535829', 37);

-- --------------------------------------------------------

--
-- Table structure for table `reviews`
--

CREATE TABLE `reviews` (
  `id` varchar(50) NOT NULL,
  `post_id` varchar(50) NOT NULL,
  `user_id` varchar(50) NOT NULL,
  `body` text NOT NULL,
  `created_at` timestamp NOT NULL DEFAULT current_timestamp() ON UPDATE current_timestamp(),
  `updated_at` varchar(50) DEFAULT NULL,
  `deleted_at` varchar(50) DEFAULT NULL
) ENGINE=InnoDB DEFAULT CHARSET=latin1 COLLATE=latin1_swedish_ci;

--
-- Dumping data for table `reviews`
--

INSERT INTO `reviews` (`id`, `post_id`, `user_id`, `body`, `created_at`, `updated_at`, `deleted_at`) VALUES
('0fc93c08-9db1-43f7-8529-a76d7d9fc852', 'c75473fa-edfa-49f5-99a9-8d6fe4d3e58a', '08e69b82-8175-462c-aa53-7ea5f2fe815c', 'consectetur adipiscing elit, sed do eiusmod tempor incididunt ut labore et dolore magna aliqua. Ut enim ad minim veniam, quis nostrud exercitation ullamco laboris nisi ut aliquip ex ea commodo consequat.\r\n\r\n*     Duis aute irure dolor in reprehenderit in voluptate velit esse cillum dolore eu fugiat nulla pariatur.\r\n*     Excepteur sint occaecat cupidatat non proident, sunt in culpa qui officia deserunt mollit anim id est laborum', '2019-09-10 16:04:57', '2019-07-21 16:39:14', NULL),
('0fe63f4a-adaa-4ce7-b6ce-bd5609d32a0d', 'c75473fa-edfa-49f5-99a9-8d6fe4d3e58a', '08e69b82-8175-462c-aa53-7ea5f2fe815c', 'consectetur adipiscing elit, sed do eiusmod tempor incididunt ut labore et dolore magna aliqua. Ut enim ad minim veniam, quis nostrud exercitation ullamco laboris nisi ut aliquip ex ea commodo consequat.\r\n\r\n*     Duis aute irure dolor in reprehenderit in voluptate velit esse cillum dolore eu fugiat nulla pariatur.\r\n*     Excepteur sint occaecat cupidatat non proident, sunt in culpa qui officia deserunt mollit anim id est laborum', '2019-09-10 16:04:57', '2019-07-22 14:30:40', '2019-07-22 14:30:40'),
('1a42c7fb-90fd-4754-9b7e-0185b9dabc13', 'c75473fa-edfa-49f5-99a9-8d6fe4d3e58a', '08e69b82-8175-462c-aa53-7ea5f2fe815c', '```testing```', '2019-09-10 16:04:57', '2019-08-01 13:44:14', '2019-08-01 13:44:14'),
('3bbf0d2a-e76f-497a-ab1d-d1a41d7c1d41', 'c75473fa-edfa-49f5-99a9-8d6fe4d3e58a', '08e69b82-8175-462c-aa53-7ea5f2fe815c', '**No reason.. just blocked and update** ', '2019-09-10 16:04:57', '2019-08-01 13:44:20', '2019-08-01 13:44:20'),
('4ca9cb98-4add-495d-a993-8b0a72c48b5c', 'b3e1a080-eed5-42c8-a036-0ec364adc4e6', '2834d58d-bae0-49b8-9752-5430961c2896', 'please post correct content', '2025-03-15 07:15:28', '2025-03-15 12:45:28', NULL),
('7203dfc7-67d6-45fd-9711-a4b92a9f31ab', 'c75473fa-edfa-49f5-99a9-8d6fe4d3e58a', '08e69b82-8175-462c-aa53-7ea5f2fe815c', 'consectetur adipiscing elit, sed do eiusmod tempor incididunt ut labore et dolore magna aliqua. Ut enim ad minim veniam, quis nostrud exercitation ullamco laboris nisi ut aliquip ex ea commodo consequat.\r\n\r\n*     Duis aute irure dolor in reprehenderit in voluptate velit esse cillum dolore eu fugiat nulla pariatur.\r\n*     Excepteur sint occaecat cupidatat non proident, sunt in culpa qui officia deserunt mollit anim id est laborum', '2019-09-10 16:04:57', '2019-07-22 14:31:19', '2019-07-22 14:31:19'),
('7856ae83-6f4d-40e7-861d-27c90d6d6165', 'c75473fa-edfa-49f5-99a9-8d6fe4d3e58a', '08e69b82-8175-462c-aa53-7ea5f2fe815c', 'consectetur adipiscing elit, sed do eiusmod tempor incididunt ut labore et dolore magna aliqua. Ut enim ad minim veniam, quis nostrud exercitation ullamco laboris nisi ut aliquip ex ea commodo consequat.\r\n\r\n*     Duis aute irure dolor in reprehenderit in voluptate velit esse cillum dolore eu fugiat nulla pariatur.\r\n*     Excepteur sint occaecat cupidatat non proident, sunt in culpa qui officia deserunt mollit anim id est laborum', '2019-09-10 16:04:57', '2019-08-01 13:32:19', '2019-08-01 13:32:19'),
('87b948cb-eaad-4272-a06a-97ff6c528770', '2edd10d0-9cf4-4c81-bfc3-e016f0535829', '2834d58d-bae0-49b8-9752-5430961c2896', 'block', '2025-03-15 07:21:05', '2025-03-15 12:51:05', NULL),
('a0df63f2-7c85-4b0f-bb91-28b1af505b16', 'c75473fa-edfa-49f5-99a9-8d6fe4d3e58a', '8489e92f-d7e4-4e1d-8409-d99e4832a278', '``` another testing```', '2019-09-10 16:04:57', '2019-08-01 13:24:26', NULL),
('c8118348-fdbd-4a2f-ad88-fdabf62b01cd', 'b3e1a080-eed5-42c8-a036-0ec364adc4e6', '08e69b82-8175-462c-aa53-7ea5f2fe815c', 'kjm', '2025-03-15 07:26:37', '2025-03-15 12:56:37', NULL),
('d674f54e-d5d1-43f6-bc48-e8232435240b', 'c75473fa-edfa-49f5-99a9-8d6fe4d3e58a', '08e69b82-8175-462c-aa53-7ea5f2fe815c', 'consectetur adipiscing elit, sed do eiusmod tempor incididunt ut labore et dolore magna aliqua. Ut enim ad minim veniam, quis nostrud exercitation ullamco laboris nisi ut aliquip ex ea commodo consequat.\r\n\r\n*     Duis aute irure dolor in reprehenderit in voluptate velit esse cillum dolore eu fugiat nulla pariatur.\r\n*     Excepteur sint occaecat cupidatat non proident, sunt in culpa qui officia deserunt mollit anim id est laborum', '2019-09-10 16:04:57', '2019-07-22 14:31:11', '2019-07-22 14:31:11'),
('e2db7543-06c2-450b-a525-2b656faae93e', 'c75473fa-edfa-49f5-99a9-8d6fe4d3e58a', '08e69b82-8175-462c-aa53-7ea5f2fe815c', '**No reason.. just blocked**', '2019-09-10 16:04:57', '2019-07-22 14:30:50', '2019-07-22 14:30:50'),
('fa13ef9f-f81c-4c62-ac92-3b5c1e0d8a22', 'c75473fa-edfa-49f5-99a9-8d6fe4d3e58a', '08e69b82-8175-462c-aa53-7ea5f2fe815c', 'this is updated comment', '2019-09-10 16:04:57', '2019-08-01 13:44:48', NULL),
('faf91138-73f3-4980-99ad-5e59c23aec2e', 'c75473fa-edfa-49f5-99a9-8d6fe4d3e58a', '08e69b82-8175-462c-aa53-7ea5f2fe815c', 'consectetur adipiscing elit, sed do eiusmod tempor incididunt ut labore et dolore magna aliqua. Ut enim ad minim veniam, quis nostrud exercitation ullamco laboris nisi ut aliquip ex ea commodo consequat.\r\n\r\n*     Duis aute irure dolor in reprehenderit in voluptate velit esse cillum dolore eu fugiat nulla pariatur.\r\n*     Excepteur sint occaecat cupidatat non proident, sunt in culpa qui officia deserunt mollit anim id est laborum', '2019-09-10 16:04:57', '2019-07-22 14:31:05', '2019-07-22 14:31:05');

-- --------------------------------------------------------

--
-- Table structure for table `tags`
--

CREATE TABLE `tags` (
  `id` int(11) NOT NULL,
  `name` varchar(150) NOT NULL
) ENGINE=InnoDB DEFAULT CHARSET=latin1 COLLATE=latin1_swedish_ci;

--
-- Dumping data for table `tags`
--

INSERT INTO `tags` (`id`, `name`) VALUES
(9, 'Blog'),
(10, 'Entertainment'),
(11, 'Traveling'),
(12, 'Fashion'),
(13, 'Technology'),
(14, 'Health'),
(15, 'Business'),
(16, 'Food'),
(17, 'Sports'),
(18, 'Education'),
(19, 'Music'),
(20, 'Lifestyle'),
(21, 'Fitness'),
(22, 'Finance'),
(23, 'Gaming'),
(24, 'Politics'),
(25, 'Movies'),
(26, 'Photography'),
(27, 'Art'),
(28, 'DIY'),
(29, 'Parenting'),
(30, 'Pets'),
(31, 'Environment'),
(32, 'Social Media'),
(33, 'Automobile'),
(34, 'Travel'),
(35, 'technology'),
(36, 'future'),
(37, 'edfd');

-- --------------------------------------------------------

--
-- Table structure for table `users`
--

CREATE TABLE `users` (
  `id` varchar(50) NOT NULL,
  `name` varchar(150) DEFAULT NULL,
  `username` varchar(150) DEFAULT NULL,
  `role` varchar(30) NOT NULL DEFAULT 'member',
  `email` varchar(150) NOT NULL,
  `password` varchar(256) DEFAULT NULL,
  `is_active` int(1) DEFAULT 1,
  `avatar` varchar(150) DEFAULT NULL,
  `work` varchar(256) DEFAULT NULL,
  `facebook` varchar(256) DEFAULT NULL,
  `linkedin` varchar(256) DEFAULT NULL,
  `twitter` varchar(256) DEFAULT NULL,
  `github` varchar(256) DEFAULT NULL,
  `website` varchar(256) DEFAULT NULL,
  `about` text DEFAULT NULL,
  `created_at` timestamp NULL DEFAULT NULL,
  `updated_at` timestamp NULL DEFAULT NULL
) ENGINE=InnoDB DEFAULT CHARSET=latin1 COLLATE=latin1_swedish_ci;

--
-- Dumping data for table `users`
--

INSERT INTO `users` (`id`, `name`, `username`, `role`, `email`, `password`, `is_active`, `avatar`, `work`, `facebook`, `linkedin`, `twitter`, `github`, `website`, `about`, `created_at`, `updated_at`) VALUES
('08e69b82-8175-462c-aa53-7ea5f2fe815c', 'admin profile', 'admin', 'admin', 'admin@gmail.com', '$2b$12$NBCI2yWxMahuXGKXsF01GuTliSh5e0SwEia8S8DrvlShj.J4aLZ6u', 1, 'http://localhost:4001/images/avatar/e99c05d445f3428d.png', 'Developer | Open source lover  ', 'https://facebook.com/madiha', 'https://linkedin.com', '', '', 'https://techgi.in/', '### About me\r\n\r\nLorem Ipsum is simply dummy text of the printing and typesetting industry. Lorem Ipsum has been the industry\'s standard dummy text ever since the 1500s, when an unknown printer took a galley of type and scrambled it to make a type specimen book. It has survived not only five centuries, but also the leap into electronic typesetting, remaining essentially unchanged. It was popularised in the 1960s with the release of Letraset sheets containing Lorem Ipsum passages, and more recently with desktop publishing software like Aldus PageMaker including versions of Lorem Ipsum.\r\n\r\n[Know more about me](http://somewhere.com) \r\n\r\n ', '2019-07-20 10:46:30', '2025-03-10 11:12:15'),
('2834d58d-bae0-49b8-9752-5430961c2896', 'Md irsad', 'irsad', 'admin', 'irsad@gmail.com', '$2y$10$Kx5/7EVHSz5OQ/4b8BnlOOyJS8PGBVZFgPR3UMWdiVqVm5nQBvX3q', 1, NULL, NULL, NULL, NULL, NULL, NULL, NULL, NULL, '2025-03-15 06:29:17', '2025-03-15 06:29:17'),
('878774e1-fc8c-48d9-a162-c8996e43ee17', 'abc', 'aaa', 'member', 'aa@gmail.com', '$2y$10$5RMMufNV7IbRTkK8JfON5O/4KfXoNu15eenodiK3lKXaZwOKNpBDK', 1, NULL, NULL, NULL, NULL, NULL, NULL, NULL, NULL, '2025-03-15 09:27:51', '2025-03-15 09:27:51');

--
-- Indexes for dumped tables
--

--
-- Indexes for table `newsletter`
--
ALTER TABLE `newsletter`
  ADD PRIMARY KEY (`id`);

--
-- Indexes for table `password_reset_request`
--
ALTER TABLE `password_reset_request`
  ADD PRIMARY KEY (`id`);

--
-- Indexes for table `posts`
--
ALTER TABLE `posts`
  ADD PRIMARY KEY (`id`);

--
-- Indexes for table `post_tag`
--
ALTER TABLE `post_tag`
  ADD PRIMARY KEY (`id`);

--
-- Indexes for table `reviews`
--
ALTER TABLE `reviews`
  ADD PRIMARY KEY (`id`);

--
-- Indexes for table `tags`
--
ALTER TABLE `tags`
  ADD PRIMARY KEY (`id`);

--
-- Indexes for table `users`
--
ALTER TABLE `users`
  ADD PRIMARY KEY (`id`);

--
-- AUTO_INCREMENT for dumped tables
--

--
-- AUTO_INCREMENT for table `post_tag`
--
ALTER TABLE `post_tag`
  MODIFY `id` int(11) NOT NULL AUTO_INCREMENT, AUTO_INCREMENT=26;

--
-- AUTO_INCREMENT for table `tags`
--
ALTER TABLE `tags`
  MODIFY `id` int(11) NOT NULL AUTO_INCREMENT, AUTO_INCREMENT=38;
COMMIT;

/*!40101 SET CHARACTER_SET_CLIENT=@OLD_CHARACTER_SET_CLIENT */;
/*!40101 SET CHARACTER_SET_RESULTS=@OLD_CHARACTER_SET_RESULTS */;
/*!40101 SET COLLATION_CONNECTION=@OLD_COLLATION_CONNECTION */;
